Workbook

Sheet 风冷冷风系统-回风35℃
A1: 干球温度℃ | B1: 时长h | C1: 单柜功率kw | D1: 机柜数量 | E1: 同时使用系数 | F1: IT总热负荷kw | G1: 维护结构热负荷kw | H1: 总热负荷kw | I1: UPS间总热负荷kw | J1: 电池间总热负荷kw | K1: 电力室总热负荷kw | L1: 主机房末端热备份能效 | M1: 主机房末端总功率kw | N1: UPS间末端热备份能效 | O1: UPS间末端总功率kw | P1: 电池间末端热备份能效 | Q1: 电池间末端总功率kw | R1: 电力室末端热备份能效 | S1: 电力室末端总功率kw | T1: 空调系统逐温总功率kw | U1: 实时CLF | V1: 全年均值CLF
A2: 37 | B2: 2 | C2: 10 | D2: 100 | E2: 0.9 | F2: =C2*D2*E2 -> 900 | G2: 40 | H2: =F2+G2 -> 940 | I2: 70 | J2: 30 | K2: 15 | L2: 4.6 | M2: =H2/L2 -> 204.34783 | N2: 3.5 | O2: =I2/N2 -> 20 | P2: 3.5 | Q2: =J2/P2 -> 8.5714286 | R2: 3.5 | S2: =K2/R2 -> 4.2857143 | T2: =M2+O2+Q2+S2 -> 237.20497 | U2: =T2/F2 -> 0.26356108 | V2: =SUMPRODUCT(U2:U42,B2:B42)/8760 -> 0.16994919
A3: 36 | B3: 8 | C3: 10 | D3: 100 | E3: 0.9 | F3: =C3*D3*E3 -> 900 | G3: 40 | H3: =F3+G3 -> 940 | I3: 70 | J3: 25 | K3: 15 | L3: 4.8 | M3: =H3/L3 -> 195.83333 | N3: 3.6 | O3: =I3/N3 -> 19.444444 | P3: 3.6 | Q3: =J3/P3 -> 6.9444444 | R3: 3.6 | S3: =K3/R3 -> 4.1666667 | T3: =M3+O3+Q3+S3 -> 226.38889 | U3: =T3/F3 -> 0.25154321
A4: 35 | B4: 16 | C4: 10 | D4: 100 | E4: 0.9 | F4: =C4*D4*E4 -> 900 | G4: 40 | H4: =F4+G4 -> 940 | I4: 70 | J4: 25 | K4: 15 | L4: 5 | M4: =H4/L4 -> 188 | N4: 3.7 | O4: =I4/N4 -> 18.918919 | P4: 3.7 | Q4: =J4/P4 -> 6.7567568 | R4: 3.7 | S4: =K4/R4 -> 4.0540541 | T4: =M4+O4+Q4+S4 -> 217.72973 | U4: =T4/F4 -> 0.24192192
A5: 34 | B5: 86 | C5: 10 | D5: 100 | E5: 0.9 | F5: =C5*D5*E5 -> 900 | G5: 40 | H5: =F5+G5 -> 940 | I5: 70 | J5: 25 | K5: 15 | L5: 5.2 | M5: =H5/L5 -> 180.76923 | N5: 3.8 | O5: =I5/N5 -> 18.421053 | P5: 3.8 | Q5: =J5/P5 -> 6.5789474 | R5: 3.8 | S5: =K5/R5 -> 3.9473684 | T5: =M5+O5+Q5+S5 -> 209.7166 | U5: =T5/F5 -> 0.23301844
A6: 33 | B6: 133 | C6: 10 | D6: 100 | E6: 0.9 | F6: =C6*D6*E6 -> 900 | G6: 40 | H6: =F6+G6 -> 940 | I6: 70 | J6: 25 | K6: 15 | L6: 5.4 | M6: =H6/L6 -> 174.07407 | N6: 3.9 | O6: =I6/N6 -> 17.948718 | P6: 3.9 | Q6: =J6/P6 -> 6.4102564 | R6: 3.9 | S6: =K6/R6 -> 3.8461538 | T6: =M6+O6+Q6+S6 -> 202.2792 | U6: =T6/F6 -> 0.22475467
A7: 32 | B7: 192 | C7: 10 | D7: 100 | E7: 0.9 | F7: =C7*D7*E7 -> 900 | G7: 40 | H7: =F7+G7 -> 940 | I7: 70 | J7: 25 | K7: 15 | L7: 5.6 | M7: =H7/L7 -> 167.85714 | N7: 4 | O7: =I7/N7 -> 17.5 | P7: 4 | Q7: =J7/P7 -> 6.25 | R7: 4 | S7: =K7/R7 -> 3.75 | T7: =M7+O7+Q7+S7 -> 195.35714 | U7: =T7/F7 -> 0.21706349
A8: 31 | B8: 290 | C8: 10 | D8: 100 | E8: 0.9 | F8: =C8*D8*E8 -> 900 | G8: 40 | H8: =F8+G8 -> 940 | I8: 70 | J8: 25 | K8: 15 | L8: 5.8 | M8: =H8/L8 -> 162.06897 | N8: 4.1 | O8: =I8/N8 -> 17.073171 | P8: 4.1 | Q8: =J8/P8 -> 6.097561 | R8: 4.1 | S8: =K8/R8 -> 3.6585366 | T8: =M8+O8+Q8+S8 -> 188.89823 | U8: =T8/F8 -> 0.20988693
A9: 30 | B9: 291 | C9: 10 | D9: 100 | E9: 0.9 | F9: =C9*D9*E9 -> 900 | G9: 40 | H9: =F9+G9 -> 940 | I9: 70 | J9: 25 | K9: 15 | L9: 6 | M9: =H9/L9 -> 156.66667 | N9: 4.2 | O9: =I9/N9 -> 16.666667 | P9: 4.2 | Q9: =J9/P9 -> 5.952381 | R9: 4.2 | S9: =K9/R9 -> 3.5714286 | T9: =M9+O9+Q9+S9 -> 182.85714 | U9: =T9/F9 -> 0.2031746
A10: 29 | B10: 516 | C10: 10 | D10: 100 | E10: 0.9 | F10: =C10*D10*E10 -> 900 | G10: 40 | H10: =F10+G10 -> 940 | I10: 70 | J10: 25 | K10: 15 | L10: 6.2 | M10: =H10/L10 -> 151.6129 | N10: 4.3 | O10: =I10/N10 -> 16.27907 | P10: 4.3 | Q10: =J10/P10 -> 5.8139535 | R10: 4.3 | S10: =K10/R10 -> 3.4883721 | T10: =M10+O10+Q10+S10 -> 177.1943 | U10: =T10/F10 -> 0.19688255
A11: 28 | B11: 673 | C11: 10 | D11: 100 | E11: 0.9 | F11: =C11*D11*E11 -> 900 | G11: 40 | H11: =F11+G11 -> 940 | I11: 70 | J11: 25 | K11: 15 | L11: 6.4 | M11: =H11/L11 -> 146.875 | N11: 4.4 | O11: =I11/N11 -> 15.909091 | P11: 4.4 | Q11: =J11/P11 -> 5.6818182 | R11: 4.4 | S11: =K11/R11 -> 3.4090909 | T11: =M11+O11+Q11+S11 -> 171.875 | U11: =T11/F11 -> 0.19097222
A12: 27 | B12: 843 | C12: 10 | D12: 100 | E12: 0.9 | F12: =C12*D12*E12 -> 900 | G12: 40 | H12: =F12+G12 -> 940 | I12: 70 | J12: 25 | K12: 15 | L12: 6.6 | M12: =H12/L12 -> 142.42424 | N12: 4.5 | O12: =I12/N12 -> 15.555556 | P12: 4.5 | Q12: =J12/P12 -> 5.5555556 | R12: 4.5 | S12: =K12/R12 -> 3.3333333 | T12: =M12+O12+Q12+S12 -> 166.86869 | U12: =T12/F12 -> 0.18540965
A13: 26 | B13: 801 | C13: 10 | D13: 100 | E13: 0.9 | F13: =C13*D13*E13 -> 900 | G13: 40 | H13: =F13+G13 -> 940 | I13: 70 | J13: 25 | K13: 15 | L13: 6.8 | M13: =H13/L13 -> 138.23529 | N13: 4.6 | O13: =I13/N13 -> 15.217391 | P13: 4.6 | Q13: =J13/P13 -> 5.4347826 | R13: 4.6 | S13: =K13/R13 -> 3.2608696 | T13: =M13+O13+Q13+S13 -> 162.14834 | U13: =T13/F13 -> 0.18016482
A14: 25 | B14: 506 | C14: 10 | D14: 100 | E14: 0.9 | F14: =C14*D14*E14 -> 900 | G14: 40 | H14: =F14+G14 -> 940 | I14: 70 | J14: 25 | K14: 15 | L14: 7 | M14: =H14/L14 -> 134.28571 | N14: 4.7 | O14: =I14/N14 -> 14.893617 | P14: 4.7 | Q14: =J14/P14 -> 5.3191489 | R14: 4.7 | S14: =K14/R14 -> 3.1914894 | T14: =M14+O14+Q14+S14 -> 157.68997 | U14: =T14/F14 -> 0.17521108
... A42: 0 | B42: 0 | C42: 10 | D42: 100 | E42: 0.9 | F42: =C42*D42*E42 -> 900 | G42: 40 | H42: =F42+G42 -> 940 | I42: 70 | J42: 25 | K42: 15 | L42: 12.6 | M42: =H42/L42 -> 74.603175 | N42: 7.5 | O42: =I42/N42 -> 9.3333333 | P42: 7.5 | Q42: =J42/P42 -> 3.3333333 | R42: 7.5 | S42: =K42/R42 -> 2 | T42: =M42+O42+Q42+S42 -> 89.269841 | U42: =T42/F42 -> 0.099188713

Sheet 风冷冷水系统-回风35℃
A1: 干球温度℃ | B1: 时长h | C1: 单柜功率kw | D1: 机柜数量 | E1: 同时使用系数 | F1: IT总热负荷kw | G1: 维护结构热负荷kw | H1: 总热负荷kw | I1: UPS间总热负荷kw | J1: 电池间总热负荷kw | K1: 电力室总热负荷kw | L1: 主机热备份能效 | M1: 主机功耗kw | N1: 水泵功耗kw | O1: 主机房末端热备份能效 | P1: 主机房末端总功率kw | Q1: UPS间末端热备份能效 | R1: UPS间末端总功率kw | S1: 电池间末端热备份能效 | T1: 电池间末端总功率kw | U1: 电力室末端热备份能效 | V1: 电力室末端总功率kw | W1: 空调系统逐温总功率kw | X1: 实时CLF | Y1: 全年均值CLF
A2: 37 | B2: 2 | C2: 10 | D2: 100 | E2: 0.9 | F2: =C2*D2*E2 -> 900 | G2: 40 | H2: =F2+G2 -> 940 | I2: 70 | J2: 30 | K2: 15 | L2: 7.5 | M2: =H2/L2 -> 125.33333 | N2: 13 | O2: 25 | P2: =H2/O2 -> 37.6 | Q2: 17 | R2: =I2/Q2 -> 4.1176471 | S2: 15 | T2: =J2/S2 -> 2 | U2: 18 | V2: =K2/U2 -> 0.83333333 | W2: =M2+N2+P2+R2+T2+V2 -> 182.88431 | X2: =W2/F2 -> 0.20320479 | Y2: =SUMPRODUCT(X2:X42,B2:B42)/8760 -> 0.16622662
A3: 36 | B3: 8 | C3: 10 | D3: 100 | E3: 0.9 | F3: =C3*D3*E3 -> 900 | G3: 40 | H3: =F3+G3 -> 940 | I3: 70 | J3: 25 | K3: 15 | L3: 7.7 | M3: =H3/L3 -> 122.07792 | N3: 13 | O3: 25 | P3: =H3/O3 -> 37.6 | Q3: 17 | R3: =I3/Q3 -> 4.1176471 | S3: 15 | T3: =J3/S3 -> 1.6666667 | U3: 18 | V3: =K3/U3 -> 0.83333333 | W3: =M3+N3+P3+R3+T3+V3 -> 179.29557 | X3: =W3/F3 -> 0.1992173
A4: 35 | B4: 16 | C4: 10 | D4: 100 | E4: 0.9 | F4: =C4*D4*E4 -> 900 | G4: 40 | H4: =F4+G4 -> 940 | I4: 70 | J4: 25 | K4: 15 | L4: 7.9 | M4: =H4/L4 -> 118.98734 | N4: 13 | O4: 25 | P4: =H4/O4 -> 37.6 | Q4: 17 | R4: =I4/Q4 -> 4.1176471 | S4: 15 | T4: =J4/S4 -> 1.6666667 | U4: 18 | V4: =K4/U4 -> 0.83333333 | W4: =M4+N4+P4+R4+T4+V4 -> 176.20499 | X4: =W4/F4 -> 0.19578332
A5: 34 | B5: 86 | C5: 10 | D5: 100 | E5: 0.9 | F5: =C5*D5*E5 -> 900 | G5: 40 | H5: =F5+G5 -> 940 | I5: 70 | J5: 25 | K5: 15 | L5: 8.1 | M5: =H5/L5 -> 116.04938 | N5: 13 | O5: 25 | P5: =H5/O5 -> 37.6 | Q5: 17 | R5: =I5/Q5 -> 4.1176471 | S5: 15 | T5: =J5/S5 -> 1.6666667 | U5: 18 | V5: =K5/U5 -> 0.83333333 | W5: =M5+N5+P5+R5+T5+V5 -> 173.26703 | X5: =W5/F5 -> 0.19251892
A6: 33 | B6: 133 | C6: 10 | D6: 100 | E6: 0.9 | F6: =C6*D6*E6 -> 900 | G6: 40 | H6: =F6+G6 -> 940 | I6: 70 | J6: 25 | K6: 15 | L6: 8.3 | M6: =H6/L6 -> 113.25301 | N6: 13 | O6: 25 | P6: =H6/O6 -> 37.6 | Q6: 17 | R6: =I6/Q6 -> 4.1176471 | S6: 15 | T6: =J6/S6 -> 1.6666667 | U6: 18 | V6: =K6/U6 -> 0.83333333 | W6: =M6+N6+P6+R6+T6+V6 -> 170.47066 | X6: =W6/F6 -> 0.18941184
A7: 32 | B7: 192 | C7: 10 | D7: 100 | E7: 0.9 | F7: =C7*D7*E7 -> 900 | G7: 40 | H7: =F7+G7 -> 940 | I7: 70 | J7: 25 | K7: 15 | L7: 8.5 | M7: =H7/L7 -> 110.58824 | N7: 13 | O7: 25 | P7: =H7/O7 -> 37.6 | Q7: 17 | R7: =I7/Q7 -> 4.1176471 | S7: 15 | T7: =J7/S7 -> 1.6666667 | U7: 18 | V7: =K7/U7 -> 0.83333333 | W7: =M7+N7+P7+R7+T7+V7 -> 167.80588 | X7: =W7/F7 -> 0.18645098
A8: 31 | B8: 290 | C8: 10 | D8: 100 | E8: 0.9 | F8: =C8*D8*E8 -> 900 | G8: 40 | H8: =F8+G8 -> 940 | I8: 70 | J8: 25 | K8: 15 | L8: 8.7 | M8: =H8/L8 -> 108.04598 | N8: 13 | O8: 25 | P8: =H8/O8 -> 37.6 | Q8: 17 | R8: =I8/Q8 -> 4.1176471 | S8: 15 | T8: =J8/S8 -> 1.6666667 | U8: 18 | V8: =K8/U8 -> 0.83333333 | W8: =M8+N8+P8+R8+T8+V8 -> 165.26362 | X8: =W8/F8 -> 0.18362625
A9: 30 | B9: 291 | C9: 10 | D9: 100 | E9: 0.9 | F9: =C9*D9*E9 -> 900 | G9: 40 | H9: =F9+G9 -> 940 | I9: 70 | J9: 25 | K9: 15 | L9: 8.9 | M9: =H9/L9 -> 105.61798 | N9: 13 | O9: 25 | P9: =H9/O9 -> 37.6 | Q9: 17 | R9: =I9/Q9 -> 4.1176471 | S9: 15 | T9: =J9/S9 -> 1.6666667 | U9: 18 | V9: =K9/U9 -> 0.83333333 | W9: =M9+N9+P9+R9+T9+V9 -> 162.83562 | X9: =W9/F9 -> 0.18092847
A10: 29 | B10: 516 | C10: 10 | D10: 100 | E10: 0.9 | F10: =C10*D10*E10 -> 900 | G10: 40 | H10: =F10+G10 -> 940 | I10: 70 | J10: 25 | K10: 15 | L10: 9.1 | M10: =H10/L10 -> 103.2967 | N10: 13 | O10: 25 | P10: =H10/O10 -> 37.6 | Q10: 17 | R10: =I10/Q10 -> 4.1176471 | S10: 15 | T10: =J10/S10 -> 1.6666667 | U10: 18 | V10: =K10/U10 -> 0.83333333 | W10: =M10+N10+P10+R10+T10+V10 -> 160.51435 | X10: =W10/F10 -> 0.17834928
A11: 28 | B11: 673 | C11: 10 | D11: 100 | E11: 0.9 | F11: =C11*D11*E11 -> 900 | G11: 40 | H11: =F11+G11 -> 940 | I11: 70 | J11: 25 | K11: 15 | L11: 9.3 | M11: =H11/L11 -> 101.07527 | N11: 13 | O11: 25 | P11: =H11/O11 -> 37.6 | Q11: 17 | R11: =I11/Q11 -> 4.1176471 | S11: 15 | T11: =J11/S11 -> 1.6666667 | U11: 18 | V11: =K11/U11 -> 0.83333333 | W11: =M11+N11+P11+R11+T11+V11 -> 158.29292 | X11: =W11/F11 -> 0.17588102
A12: 27 | B12: 843 | C12: 10 | D12: 100 | E12: 0.9 | F12: =C12*D12*E12 -> 900 | G12: 40 | H12: =F12+G12 -> 940 | I12: 70 | J12: 25 | K12: 15 | L12: 9.5 | M12: =H12/L12 -> 98.947368 | N12: 13 | O12: 25 | P12: =H12/O12 -> 37.6 | Q12: 17 | R12: =I12/Q12 -> 4.1176471 | S12: 15 | T12: =J12/S12 -> 1.6666667 | U12: 18 | V12: =K12/U12 -> 0.83333333 | W12: =M12+N12+P12+R12+T12+V12 -> 156.16502 | X12: =W12/F12 -> 0.17351668
A13: 26 | B13: 801 | C13: 10 | D13: 100 | E13: 0.9 | F13: =C13*D13*E13 -> 900 | G13: 40 | H13: =F13+G13 -> 940 | I13: 70 | J13: 25 | K13: 15 | L13: 9.7 | M13: =H13/L13 -> 96.907216 | N13: 13 | O13: 25 | P13: =H13/O13 -> 37.6 | Q13: 17 | R13: =I13/Q13 -> 4.1176471 | S13: 15 | T13: =J13/S13 -> 1.6666667 | U13: 18 | V13: =K13/U13 -> 0.83333333 | W13: =M13+N13+P13+R13+T13+V13 -> 154.12486 | X13: =W13/F13 -> 0.17124985
A14: 25 | B14: 506 | C14: 10 | D14: 100 | E14: 0.9 | F14: =C14*D14*E14 -> 900 | G14: 40 | H14: =F14+G14 -> 940 | I14: 70 | J14: 25 | K14: 15 | L14: 9.9 | M14: =H14/L14 -> 94.949495 | N14: 13 | O14: 25 | P14: =H14/O14 -> 37.6 | Q14: 17 | R14: =I14/Q14 -> 4.1176471 | S14: 15 | T14: =J14/S14 -> 1.6666667 | U14: 18 | V14: =K14/U14 -> 0.83333333 | W14: =M14+N14+P14+R14+T14+V14 -> 152.16714 | X14: =W14/F14 -> 0.1690746
... A42: 0 | B42: 0 | C42: 10 | D42: 100 | E42: 0.9 | F42: =C42*D42*E42 -> 900 | G42: 40 | H42: =F42+G42 -> 940 | I42: 70 | J42: 25 | K42: 15 | L42: 15.5 | M42: =H42/L42 -> 60.645161 | N42: 13 | O42: 25 | P42: =H42/O42 -> 37.6 | Q42: 17 | R42: =I42/Q42 -> 4.1176471 | S42: 15 | T42: =J42/S42 -> 1.6666667 | U42: 18 | V42: =K42/U42 -> 0.83333333 | W42: =M42+N42+P42+R42+T42+V42 -> 117.86281 | X42: =W42/F42 -> 0.13095868

Sheet 水冷冷水系统-35℃回风
A1: 湿球温度℃ | B1: 时长h | C1: 逼近度℃ | D1: 冷塔回水温度℃ | E1: 冷塔出水温度℃ | F1: 单柜功率kw | G1: 机柜数量 | H1: 同时使用系数 | I1: IT总热负荷kw | J1: 维护结构热负荷kw | K1: 总热负荷kw | L1: UPS间总热负荷kw | M1: 电池间总热负荷kw | N1: 电力室总热负荷kw | O1: 冷机冷量kw | P1: 板换冷量kw | Q1: 冷塔功耗kw | R1: 冷却水泵功耗kw | S1: 冷冻水泵功耗kw | T1: 主机热备份能效 | U1: 主机功耗kw | V1: 主机房末端热备份能效 | W1: 主机房末端总功率kw | X1: UPS间末端热备份能效 | Y1: UPS间末端总功率kw | Z1: 电池间末端热备份能效 | AA1: 电池间末端总功率kw | AB1: 电力室末端热备份能效 | AC1: 电力室末端总功率kw | AD1: 空调系统逐温总功率kw | AE1: 实时CLF | AF1: 全年均值CLF
A2: 29 | B2: {=SUMPRODUCT(([1]逐时湿球温度!$B$3:$B$8762>=A2-0.5)*([1]逐时湿球温度!$B$3:$B$8762<A2+0.5))} -> 1 | C2: 3.8 | D2: =E2+6 -> 38.8 | E2: =A2+C2 -> 32.8 | F2: 10 | G2: 100 | H2: 0.9 | I2: =F2*G2*H2 -> 900 | J2: 40 | K2: =I2+J2 -> 940 | L2: 70 | M2: 30 | N2: 15 | O2: =K2 -> 940 | P2: 0 | Q2: 10 | R2: 15 | S2: 17 | T2: 10 | U2: =O2/T2 -> 94 | V2: 25 | W2: =K2/V2 -> 37.6 | X2: 17 | Y2: =L2/X2 -> 4.1176471 | Z2: 15 | AA2: =M2/Z2 -> 2 | AB2: 18 | AC2: =N2/AB2 -> 0.83333333 | AD2: =U2+Q2+R2+S2+W2+Y2+AA2+AC2 -> 180.55098 | AE2: =AD2/I2 -> 0.2006122 | AF2: =SUMPRODUCT(AE2:AE31,B2:B31)/8760 -> 0.16837195
A3: 28 | B3: {=SUMPRODUCT(([1]逐时湿球温度!$B$3:$B$8762>=A3-0.5)*([1]逐时湿球温度!$B$3:$B$8762<A3+0.5))} -> 37 | C3: 4 | D3: =E3+6 -> 38 | E3: =A3+C3 -> 32 | F3: 10 | G3: 100 | H3: 0.9 | I3: =F3*G3*H3 -> 900 | J3: 40 | K3: =I3+J3 -> 940 | L3: 70 | M3: 25 | N3: 15 | O3: =K3 -> 940 | P3: 0 | Q3: 10 | R3: 15 | S3: 17 | T3: 10.2 | U3: =O3/T3 -> 92.156863 | V3: 25 | W3: =K3/V3 -> 37.6 | X3: 17 | Y3: =L3/X3 -> 4.1176471 | Z3: 15 | AA3: =M3/Z3 -> 1.6666667 | AB3: 18 | AC3: =N3/AB3 -> 0.83333333 | AD3: =U3+Q3+R3+S3+W3+Y3+AA3+AC3 -> 178.37451 | AE3: =AD3/I3 -> 0.1981939
A4: 27 | B4: {=SUMPRODUCT(([1]逐时湿球温度!$B$3:$B$8762>=A4-0.5)*([1]逐时湿球温度!$B$3:$B$8762<A4+0.5))} -> 517 | C4: 4.2 | D4: =E4+6 -> 37.2 | E4: =A4+C4 -> 31.2 | F4: 10 | G4: 100 | H4: 0.9 | I4: =F4*G4*H4 -> 900 | J4: 40 | K4: =I4+J4 -> 940 | L4: 70 | M4: 25 | N4: 15 | O4: =K4 -> 940 | P4: 0 | Q4: 10 | R4: 15 | S4: 17 | T4: 10.4 | U4: =O4/T4 -> 90.384615 | V4: 25 | W4: =K4/V4 -> 37.6 | X4: 17 | Y4: =L4/X4 -> 4.1176471 | Z4: 15 | AA4: =M4/Z4 -> 1.6666667 | AB4: 18 | AC4: =N4/AB4 -> 0.83333333 | AD4: =U4+Q4+R4+S4+W4+Y4+AA4+AC4 -> 176.60226 | AE4: =AD4/I4 -> 0.19622474
A5: 26 | B5: {=SUMPRODUCT(([1]逐时湿球温度!$B$3:$B$8762>=A5-0.5)*([1]逐时湿球温度!$B$3:$B$8762<A5+0.5))} -> 922 | C5: 4.3 | D5: =E5+6 -> 36.3 | E5: =A5+C5 -> 30.3 | F5: 10 | G5: 100 | H5: 0.9 | I5: =F5*G5*H5 -> 900 | J5: 40 | K5: =I5+J5 -> 940 | L5: 70 | M5: 25 | N5: 15 | O5: =K5 -> 940 | P5: 0 | Q5: 10 | R5: 15 | S5: 17 | T5: 10.6 | U5: =O5/T5 -> 88.679245 | V5: 25 | W5: =K5/V5 -> 37.6 | X5: 17 | Y5: =L5/X5 -> 4.1176471 | Z5: 15 | AA5: =M5/Z5 -> 1.6666667 | AB5: 18 | AC5: =N5/AB5 -> 0.83333333 | AD5: =U5+Q5+R5+S5+W5+Y5+AA5+AC5 -> 174.89689 | AE5: =AD5/I5 -> 0.19432988
A6: 25 | B6: {=SUMPRODUCT(([1]逐时湿球温度!$B$3:$B$8762>=A6-0.5)*([1]逐时湿球温度!$B$3:$B$8762<A6+0.5))} -> 1129 | C6: 4.5 | D6: =E6+6 -> 35.5 | E6: =A6+C6 -> 29.5 | F6: 10 | G6: 100 | H6: 0.9 | I6: =F6*G6*H6 -> 900 | J6: 40 | K6: =I6+J6 -> 940 | L6: 70 | M6: 25 | N6: 15 | O6: =K6 -> 940 | P6: 0 | Q6: 10 | R6: 15 | S6: 17 | T6: 10.8 | U6: =O6/T6 -> 87.037037 | V6: 25 | W6: =K6/V6 -> 37.6 | X6: 17 | Y6: =L6/X6 -> 4.1176471 | Z6: 15 | AA6: =M6/Z6 -> 1.6666667 | AB6: 18 | AC6: =N6/AB6 -> 0.83333333 | AD6: =U6+Q6+R6+S6+W6+Y6+AA6+AC6 -> 173.25468 | AE6: =AD6/I6 -> 0.1925052
A7: 24 | B7: {=SUMPRODUCT(([1]逐时湿球温度!$B$3:$B$8762>=A7-0.5)*([1]逐时湿球温度!$B$3:$B$8762<A7+0.5))} -> 759 | C7: 3.7 | D7: =E7+6 -> 33.7 | E7: =A7+C7 -> 27.7 | F7: 10 | G7: 100 | H7: 0.9 | I7: =F7*G7*H7 -> 900 | J7: 40 | K7: =I7+J7 -> 940 | L7: 70 | M7: 25 | N7: 15 | O7: =K7 -> 940 | P7: 0 | Q7: 10 | R7: 15 | S7: 17 | T7: 11 | U7: =O7/T7 -> 85.454545 | V7: 25 | W7: =K7/V7 -> 37.6 | X7: 17 | Y7: =L7/X7 -> 4.1176471 | Z7: 15 | AA7: =M7/Z7 -> 1.6666667 | AB7: 18 | AC7: =N7/AB7 -> 0.83333333 | AD7: =U7+Q7+R7+S7+W7+Y7+AA7+AC7 -> 171.67219 | AE7: =AD7/I7 -> 0.19074688
A8: 23 | B8: {=SUMPRODUCT(([1]逐时湿球温度!$B$3:$B$8762>=A8-0.5)*([1]逐时湿球温度!$B$3:$B$8762<A8+0.5))} -> 490 | C8: 3.9 | D8: =E8+6 -> 32.9 | E8: =A8+C8 -> 26.9 | F8: 10 | G8: 100 | H8: 0.9 | I8: =F8*G8*H8 -> 900 | J8: 40 | K8: =I8+J8 -> 940 | L8: 70 | M8: 25 | N8: 15 | O8: =K8 -> 940 | P8: 0 | Q8: 10 | R8: 15 | S8: 17 | T8: 11.2 | U8: =O8/T8 -> 83.928571 | V8: 25 | W8: =K8/V8 -> 37.6 | X8: 17 | Y8: =L8/X8 -> 4.1176471 | Z8: 15 | AA8: =M8/Z8 -> 1.6666667 | AB8: 18 | AC8: =N8/AB8 -> 0.83333333 | AD8: =U8+Q8+R8+S8+W8+Y8+AA8+AC8 -> 170.14622 | AE8: =AD8/I8 -> 0.18905135
A9: 22 | B9: {=SUMPRODUCT(([1]逐时湿球温度!$B$3:$B$8762>=A9-0.5)*([1]逐时湿球温度!$B$3:$B$8762<A9+0.5))} -> 419 | C9: 4.1 | D9: =E9+6 -> 32.1 | E9: =A9+C9 -> 26.1 | F9: 10 | G9: 100 | H9: 0.9 | I9: =F9*G9*H9 -> 900 | J9: 40 | K9: =I9+J9 -> 940 | L9: 70 | M9: 25 | N9: 15 | O9: =K9 -> 940 | P9: 0 | Q9: 10 | R9: 15 | S9: 17 | T9: 11.4 | U9: =O9/T9 -> 82.45614 | V9: 25 | W9: =K9/V9 -> 37.6 | X9: 17 | Y9: =L9/X9 -> 4.1176471 | Z9: 15 | AA9: =M9/Z9 -> 1.6666667 | AB9: 18 | AC9: =N9/AB9 -> 0.83333333 | AD9: =U9+Q9+R9+S9+W9+Y9+AA9+AC9 -> 168.67379 | AE9: =AD9/I9 -> 0.18741532
A10: 21 | B10: {=SUMPRODUCT(([1]逐时湿球温度!$B$3:$B$8762>=A10-0.5)*([1]逐时湿球温度!$B$3:$B$8762<A10+0.5))} -> 350 | C10: 4.3 | D10: =E10+6 -> 31.3 | E10: =A10+C10 -> 25.3 | F10: 10 | G10: 100 | H10: 0.9 | I10: =F10*G10*H10 -> 900 | J10: 40 | K10: =I10+J10 -> 940 | L10: 70 | M10: 25 | N10: 15 | O10: =K10 -> 940 | P10: 0 | Q10: 10 | R10: 15 | S10: 17 | T10: 11.6 | U10: =O10/T10 -> 81.034483 | V10: 25 | W10: =K10/V10 -> 37.6 | X10: 17 | Y10: =L10/X10 -> 4.1176471 | Z10: 15 | AA10: =M10/Z10 -> 1.6666667 | AB10: 18 | AC10: =N10/AB10 -> 0.83333333 | AD10: =U10+Q10+R10+S10+W10+Y10+AA10+AC10 -> 167.25213 | AE10: =AD10/I10 -> 0.1858357
A11: 20 | B11: {=SUMPRODUCT(([1]逐时湿球温度!$B$3:$B$8762>=A11-0.5)*([1]逐时湿球温度!$B$3:$B$8762<A11+0.5))} -> 338 | C11: 4.5 | D11: =E11+6 -> 30.5 | E11: =A11+C11 -> 24.5 | F11: 10 | G11: 100 | H11: 0.9 | I11: =F11*G11*H11 -> 900 | J11: 40 | K11: =I11+J11 -> 940 | L11: 70 | M11: 25 | N11: 15 | O11: =K11 -> 940 | P11: 0 | Q11: 10 | R11: 15 | S11: 17 | T11: 11.8 | U11: =O11/T11 -> 79.661017 | V11: 25 | W11: =K11/V11 -> 37.6 | X11: 17 | Y11: =L11/X11 -> 4.1176471 | Z11: 15 | AA11: =M11/Z11 -> 1.6666667 | AB11: 18 | AC11: =N11/AB11 -> 0.83333333 | AD11: =U11+Q11+R11+S11+W11+Y11+AA11+AC11 -> 165.87866 | AE11: =AD11/I11 -> 0.18430963
A12: 19 | B12: {=SUMPRODUCT(([1]逐时湿球温度!$B$3:$B$8762>=A12-0.5)*([1]逐时湿球温度!$B$3:$B$8762<A12+0.5))} -> 325 | C12: 4.7 | D12: =E12+6 -> 29.7 | E12: =A12+C12 -> 23.7 | F12: 10 | G12: 100 | H12: 0.9 | I12: =F12*G12*H12 -> 900 | J12: 40 | K12: =I12+J12 -> 940 | L12: 70 | M12: 25 | N12: 15 | O12: =K12 -> 940 | P12: 0 | Q12: 10 | R12: 15 | S12: 17 | T12: 12 | U12: =O12/T12 -> 78.333333 | V12: 25 | W12: =K12/V12 -> 37.6 | X12: 17 | Y12: =L12/X12 -> 4.1176471 | Z12: 15 | AA12: =M12/Z12 -> 1.6666667 | AB12: 18 | AC12: =N12/AB12 -> 0.83333333 | AD12: =U12+Q12+R12+S12+W12+Y12+AA12+AC12 -> 164.55098 | AE12: =AD12/I12 -> 0.18283442
A13: 18 | B13: {=SUMPRODUCT(([1]逐时湿球温度!$B$3:$B$8762>=A13-0.5)*([1]逐时湿球温度!$B$3:$B$8762<A13+0.5))} -> 418 | C13: 5 | D13: =E13+6 -> 29 | E13: =A13+C13 -> 23 | F13: 10 | G13: 100 | H13: 0.9 | I13: =F13*G13*H13 -> 900 | J13: 40 | K13: =I13+J13 -> 940 | L13: 70 | M13: 25 | N13: 15 | O13: =K13 -> 940 | P13: 0 | Q13: 10 | R13: 15 | S13: 17 | T13: 12.2 | U13: =O13/T13 -> 77.04918 | V13: 25 | W13: =K13/V13 -> 37.6 | X13: 17 | Y13: =L13/X13 -> 4.1176471 | Z13: 15 | AA13: =M13/Z13 -> 1.6666667 | AB13: 18 | AC13: =N13/AB13 -> 0.83333333 | AD13: =U13+Q13+R13+S13+W13+Y13+AA13+AC13 -> 163.26683 | AE13: =AD13/I13 -> 0.18140759
A14: 17 | B14: {=SUMPRODUCT(([1]逐时湿球温度!$B$3:$B$8762>=A14-0.5)*([1]逐时湿球温度!$B$3:$B$8762<A14+0.5))} -> 420 | C14: 5.2 | D14: =E14+6 -> 28.2 | E14: =A14+C14 -> 22.2 | F14: 10 | G14: 100 | H14: 0.9 | I14: =F14*G14*H14 -> 900 | J14: 40 | K14: =I14+J14 -> 940 | L14: 70 | M14: 25 | N14: 15 | O14: =K14 -> 940 | P14: 0 | Q14: 10 | R14: 15 | S14: 17 | T14: 12.4 | U14: =O14/T14 -> 75.806452 | V14: 25 | W14: =K14/V14 -> 37.6 | X14: 17 | Y14: =L14/X14 -> 4.1176471 | Z14: 15 | AA14: =M14/Z14 -> 1.6666667 | AB14: 18 | AC14: =N14/AB14 -> 0.83333333 | AD14: =U14+Q14+R14+S14+W14+Y14+AA14+AC14 -> 162.0241 | AE14: =AD14/I14 -> 0.18002678
A15: 16 | B15: {=SUMPRODUCT(([1]逐时湿球温度!$B$3:$B$8762>=A15-0.5)*([1]逐时湿球温度!$B$3:$B$8762<A15+0.5))} -> 362 | C15: 5.5 | D15: =E15+6 -> 27.5 | E15: =A15+C15 -> 21.5 | F15: 10 | G15: 100 | H15: 0.9 | I15: =F15*G15*H15 -> 900 | J15: 40 | K15: =I15+J15 -> 940 | L15: 70 | M15: 25 | N15: 15 | O15: =$O$2-P15 -> 783.33333 | P15: =$O$2/6*1 -> 156.66667 | Q15: 10 | R15: 15 | S15: 17 | T15: 12.6 | U15: =O15/T15 -> 62.169312 | V15: 25 | W15: =K15/V15 -> 37.6 | X15: 17 | Y15: =L15/X15 -> 4.1176471 | Z15: 15 | AA15: =M15/Z15 -> 1.6666667 | AB15: 18 | AC15: =N15/AB15 -> 0.83333333 | AD15: =U15+Q15+R15+S15+W15+Y15+AA15+AC15 -> 148.38696 | AE15: =AD15/I15 -> 0.1648744
A16: 15 | B16: {=SUMPRODUCT(([1]逐时湿球温度!$B$3:$B$8762>=A16-0.5)*([1]逐时湿球温度!$B$3:$B$8762<A16+0.5))} -> 377 | C16: 5.7 | D16: =E16+6 -> 26.7 | E16: =A16+C16 -> 20.7 | F16: 10 | G16: 100 | H16: 0.9 | I16: =F16*G16*H16 -> 900 | J16: 40 | K16: =I16+J16 -> 940 | L16: 70 | M16: 25 | N16: 15 | O16: =$O$2-P16 -> 626.66667 | P16: =$O$2/6*2 -> 313.33333 | Q16: 10 | R16: 15 | S16: 17 | T16: 12.8 | U16: =O16/T16 -> 48.958333 | V16: 25 | W16: =K16/V16 -> 37.6 | X16: 17 | Y16: =L16/X16 -> 4.1176471 | Z16: 15 | AA16: =M16/Z16 -> 1.6666667 | AB16: 18 | AC16: =N16/AB16 -> 0.83333333 | AD16: =U16+Q16+R16+S16+W16+Y16+AA16+AC16 -> 135.17598 | AE16: =AD16/I16 -> 0.15019553
A17: 14 | B17: {=SUMPRODUCT(([1]逐时湿球温度!$B$3:$B$8762>=A17-0.5)*([1]逐时湿球温度!$B$3:$B$8762<A17+0.5))} -> 251 | C17: 6 | D17: =E17+6 -> 26 | E17: =A17+C17 -> 20 | F17: 10 | G17: 100 | H17: 0.9 | I17: =F17*G17*H17 -> 900 | J17: 40 | K17: =I17+J17 -> 940 | L17: 70 | M17: 25 | N17: 15 | O17: =$O$2-P17 -> 470 | P17: =$O$2/6*3 -> 470 | Q17: 10 | R17: 15 | S17: 17 | T17: 13 | U17: =O17/T17 -> 36.153846 | V17: 25 | W17: =K17/V17 -> 37.6 | X17: 17 | Y17: =L17/X17 -> 4.1176471 | Z17: 15 | AA17: =M17/Z17 -> 1.6666667 | AB17: 18 | AC17: =N17/AB17 -> 0.83333333 | AD17: =U17+Q17+R17+S17+W17+Y17+AA17+AC17 -> 122.37149 | AE17: =AD17/I17 -> 0.13596833
A18: 13 | B18: {=SUMPRODUCT(([1]逐时湿球温度!$B$3:$B$8762>=A18-0.5)*([1]逐时湿球温度!$B$3:$B$8762<A18+0.5))} -> 155 | C18: 6.2 | D18: =E18+6 -> 25.2 | E18: =A18+C18 -> 19.2 | F18: 10 | G18: 100 | H18: 0.9 | I18: =F18*G18*H18 -> 900 | J18: 40 | K18: =I18+J18 -> 940 | L18: 70 | M18: 25 | N18: 15 | O18: =$O$2-P18 -> 313.33333 | P18: =$O$2/6*4 -> 626.66667 | Q18: 10 | R18: 15 | S18: 17 | T18: 13.2 | U18: =O18/T18 -> 23.737374 | V18: 25 | W18: =K18/V18 -> 37.6 | X18: 17 | Y18: =L18/X18 -> 4.1176471 | Z18: 15 | AA18: =M18/Z18 -> 1.6666667 | AB18: 18 | AC18: =N18/AB18 -> 0.83333333 | AD18: =U18+Q18+R18+S18+W18+Y18+AA18+AC18 -> 109.95502 | AE18: =AD18/I18 -> 0.12217225
A19: 12 | B19: {=SUMPRODUCT(([1]逐时湿球温度!$B$3:$B$8762>=A19-0.5)*([1]逐时湿球温度!$B$3:$B$8762<A19+0.5))} -> 246 | C19: 6.5 | D19: =E19+6 -> 24.5 | E19: =A19+C19 -> 18.5 | F19: 10 | G19: 100 | H19: 0.9 | I19: =F19*G19*H19 -> 900 | J19: 40 | K19: =I19+J19 -> 940 | L19: 70 | M19: 25 | N19: 15 | O19: =$O$2-P19 -> 156.66667 | P19: =$O$2/6*5 -> 783.33333 | Q19: 10 | R19: 15 | S19: 17 | T19: 13.4 | U19: =O19/T19 -> 11.691542 | V19: 25 | W19: =K19/V19 -> 37.6 | X19: 17 | Y19: =L19/X19 -> 4.1176471 | Z19: 15 | AA19: =M19/Z19 -> 1.6666667 | AB19: 18 | AC19: =N19/AB19 -> 0.83333333 | AD19: =U19+Q19+R19+S19+W19+Y19+AA19+AC19 -> 97.909189 | AE19: =AD19/I19 -> 0.10878799
A20: 11 | B20: {=SUMPRODUCT(([1]逐时湿球温度!$B$3:$B$8762>=A20-0.5)*([1]逐时湿球温度!$B$3:$B$8762<A20+0.5))} -> 236 | C20: 6.8 | D20: =E20+6 -> 23.8 | E20: =A20+C20 -> 17.8 | F20: 10 | G20: 100 | H20: 0.9 | I20: =F20*G20*H20 -> 900 | J20: 40 | K20: =I20+J20 -> 940 | L20: 70 | M20: 25 | N20: 15 | O20: 0 | P20: 940 | Q20: 10 | R20: 15 | S20: 17 | T20: 13.6 | U20: =O20/T20 -> 0 | V20: 25 | W20: =K20/V20 -> 37.6 | X20: 17 | Y20: =L20/X20 -> 4.1176471 | Z20: 15 | AA20: =M20/Z20 -> 1.6666667 | AB20: 18 | AC20: =N20/AB20 -> 0.83333333 | AD20: =U20+Q20+R20+S20+W20+Y20+AA20+AC20 -> 86.217647 | AE20: =AD20/I20 -> 0.095797386
A21: 10 | B21: {=SUMPRODUCT(([1]逐时湿球温度!$B$3:$B$8762>=A21-0.5)*([1]逐时湿球温度!$B$3:$B$8762<A21+0.5))} -> 243 | C21: 7.1 | D21: =E21+6 -> 23.1 | E21: =A21+C21 -> 17.1 | F21: 10 | G21: 100 | H21: 0.9 | I21: =F21*G21*H21 -> 900 | J21: 40 | K21: =I21+J21 -> 940 | L21: 70 | M21: 25 | N21: 15 | O21: 0 | P21: 940 | Q21: 10 | R21: 15 | S21: 17 | T21: 13.8 | U21: =O21/T21 -> 0 | V21: 25 | W21: =K21/V21 -> 37.6 | X21: 17 | Y21: =L21/X21 -> 4.1176471 | Z21: 15 | AA21: =M21/Z21 -> 1.6666667 | AB21: 18 | AC21: =N21/AB21 -> 0.83333333 | AD21: =U21+Q21+R21+S21+W21+Y21+AA21+AC21 -> 86.217647 | AE21: =AD21/I21 -> 0.095797386
A22: 9 | B22: {=SUMPRODUCT(([1]逐时湿球温度!$B$3:$B$8762>=A22-0.5)*([1]逐时湿球温度!$B$3:$B$8762<A22+0.5))} -> 233 | C22: 7.4 | D22: =E22+6 -> 22.4 | E22: =A22+C22 -> 16.4 | F22: 10 | G22: 100 | H22: 0.9 | I22: =F22*G22*H22 -> 900 | J22: 40 | K22: =I22+J22 -> 940 | L22: 70 | M22: 25 | N22: 15 | O22: 0 | P22: 940 | Q22: 10 | R22: 15 | S22: 17 | T22: 14 | U22: =O22/T22 -> 0 | V22: 25 | W22: =K22/V22 -> 37.6 | X22: 17 | Y22: =L22/X22 -> 4.1176471 | Z22: 15 | AA22: =M22/Z22 -> 1.6666667 | AB22: 18 | AC22: =N22/AB22 -> 0.83333333 | AD22: =U22+Q22+R22+S22+W22+Y22+AA22+AC22 -> 86.217647 | AE22: =AD22/I22 -> 0.095797386
A23: 8 | B23: {=SUMPRODUCT(([1]逐时湿球温度!$B$3:$B$8762>=A23-0.5)*([1]逐时湿球温度!$B$3:$B$8762<A23+0.5))} -> 194 | C23: 6.1 | D23: =E23+6 -> 20.1 | E23: =A23+C23 -> 14.1 | F23: 10 | G23: 100 | H23: 0.9 | I23: =F23*G23*H23 -> 900 | J23: 40 | K23: =I23+J23 -> 940 | L23: 70 | M23: 25 | N23: 15 | O23: 0 | P23: 940 | Q23: 10 | R23: 15 | S23: 17 | T23: 14.2 | U23: =O23/T23 -> 0 | V23: 25 | W23: =K23/V23 -> 37.6 | X23: 17 | Y23: =L23/X23 -> 4.1176471 | Z23: 15 | AA23: =M23/Z23 -> 1.6666667 | AB23: 18 | AC23: =N23/AB23 -> 0.83333333 | AD23: =U23+Q23+R23+S23+W23+Y23+AA23+AC23 -> 86.217647 | AE23: =AD23/I23 -> 0.095797386
A24: 7 | B24: {=SUMPRODUCT(([1]逐时湿球温度!$B$3:$B$8762>=A24-0.5)*([1]逐时湿球温度!$B$3:$B$8762<A24+0.5))} -> 121 | C24: 6.4 | D24: =E24+6 -> 19.4 | E24: =A24+C24 -> 13.4 | F24: 10 | G24: 100 | H24: 0.9 | I24: =F24*G24*H24 -> 900 | J24: 40 | K24: =I24+J24 -> 940 | L24: 70 | M24: 25 | N24: 15 | O24: 0 | P24: 940 | Q24: 10 | R24: 15 | S24: 17 | T24: 14.4 | U24: =O24/T24 -> 0 | V24: 25 | W24: =K24/V24 -> 37.6 | X24: 17 | Y24: =L24/X24 -> 4.1176471 | Z24: 15 | AA24: =M24/Z24 -> 1.6666667 | AB24: 18 | AC24: =N24/AB24 -> 0.83333333 | AD24: =U24+Q24+R24+S24+W24+Y24+AA24+AC24 -> 86.217647 | AE24: =AD24/I24 -> 0.095797386
A25: 6 | B25: {=SUMPRODUCT(([1]逐时湿球温度!$B$3:$B$8762>=A25-0.5)*([1]逐时湿球温度!$B$3:$B$8762<A25+0.5))} -> 120 | C25: 6.7 | D25: =E25+6 -> 18.7 | E25: =A25+C25 -> 12.7 | F25: 10 | G25: 100 | H25: 0.9 | I25: =F25*G25*H25 -> 900 | J25: 40 | K25: =I25+J25 -> 940 | L25: 70 | M25: 25 | N25: 15 | O25: 0 | P25: 940 | Q25: 10 | R25: 15 | S25: 17 | T25: 14.6 | U25: =O25/T25 -> 0 | V25: 25 | W25: =K25/V25 -> 37.6 | X25: 17 | Y25: =L25/X25 -> 4.1176471 | Z25: 15 | AA25: =M25/Z25 -> 1.6666667 | AB25: 18 | AC25: =N25/AB25 -> 0.83333333 | AD25: =U25+Q25+R25+S25+W25+Y25+AA25+AC25 -> 86.217647 | AE25: =AD25/I25 -> 0.095797386
A26: 5 | B26: {=SUMPRODUCT(([1]逐时湿球温度!$B$3:$B$8762>=A26-0.5)*([1]逐时湿球温度!$B$3:$B$8762<A26+0.5))} -> 63 | C26: 6.9 | D26: =E26+6 -> 17.9 | E26: =A26+C26 -> 11.9 | F26: 10 | G26: 100 | H26: 0.9 | I26: =F26*G26*H26 -> 900 | J26: 40 | K26: =I26+J26 -> 940 | L26: 70 | M26: 25 | N26: 15 | O26: 0 | P26: 940 | Q26: 10 | R26: 15 | S26: 17 | T26: 14.8 | U26: =O26/T26 -> 0 | V26: 25 | W26: =K26/V26 -> 37.6 | X26: 17 | Y26: =L26/X26 -> 4.1176471 | Z26: 15 | AA26: =M26/Z26 -> 1.6666667 | AB26: 18 | AC26: =N26/AB26 -> 0.83333333 | AD26: =U26+Q26+R26+S26+W26+Y26+AA26+AC26 -> 86.217647 | AE26: =AD26/I26 -> 0.095797386
A27: 4 | B27: {=SUMPRODUCT(([1]逐时湿球温度!$B$3:$B$8762>=A27-0.5)*([1]逐时湿球温度!$B$3:$B$8762<A27+0.5))} -> 23 | C27: 7.1 | D27: =E27+6 -> 17.1 | E27: =A27+C27 -> 11.1 | F27: 10 | G27: 100 | H27: 0.9 | I27: =F27*G27*H27 -> 900 | J27: 40 | K27: =I27+J27 -> 940 | L27: 70 | M27: 25 | N27: 15 | O27: 0 | P27: 940 | Q27: 10 | R27: 15 | S27: 17 | T27: 15 | U27: =O27/T27 -> 0 | V27: 25 | W27: =K27/V27 -> 37.6 | X27: 17 | Y27: =L27/X27 -> 4.1176471 | Z27: 15 | AA27: =M27/Z27 -> 1.6666667 | AB27: 18 | AC27: =N27/AB27 -> 0.83333333 | AD27: =U27+Q27+R27+S27+W27+Y27+AA27+AC27 -> 86.217647 | AE27: =AD27/I27 -> 0.095797386
A28: 3 | B28: {=SUMPRODUCT(([1]逐时湿球温度!$B$3:$B$8762>=A28-0.5)*([1]逐时湿球温度!$B$3:$B$8762<A28+0.5))} -> 11 | C28: 7.1 | D28: =E28+6 -> 16.1 | E28: =A28+C28 -> 10.1 | F28: 10 | G28: 100 | H28: 0.9 | I28: =F28*G28*H28 -> 900 | J28: 40 | K28: =I28+J28 -> 940 | L28: 70 | M28: 25 | N28: 15 | O28: 0 | P28: 940 | Q28: 10 | R28: 15 | S28: 17 | T28: 15.2 | U28: =O28/T28 -> 0 | V28: 25 | W28: =K28/V28 -> 37.6 | X28: 17 | Y28: =L28/X28 -> 4.1176471 | Z28: 15 | AA28: =M28/Z28 -> 1.6666667 | AB28: 18 | AC28: =N28/AB28 -> 0.83333333 | AD28: =U28+Q28+R28+S28+W28+Y28+AA28+AC28 -> 86.217647 | AE28: =AD28/I28 -> 0.095797386
A29: 2 | B29: {=SUMPRODUCT(([1]逐时湿球温度!$B$3:$B$8762>=A29-0.5)*([1]逐时湿球温度!$B$3:$B$8762<A29+0.5))} -> 0 | C29: 7.1 | D29: =E29+6 -> 15.1 | E29: =A29+C29 -> 9.1 | F29: 10 | G29: 100 | H29: 0.9 | I29: =F29*G29*H29 -> 900 | J29: 40 | K29: =I29+J29 -> 940 | L29: 70 | M29: 25 | N29: 15 | O29: 0 | P29: 940 | Q29: 10 | R29: 15 | S29: 17 | T29: 15.4 | U29: =O29/T29 -> 0 | V29: 25 | W29: =K29/V29 -> 37.6 | X29: 17 | Y29: =L29/X29 -> 4.1176471 | Z29: 15 | AA29: =M29/Z29 -> 1.6666667 | AB29: 18 | AC29: =N29/AB29 -> 0.83333333 | AD29: =U29+Q29+R29+S29+W29+Y29+AA29+AC29 -> 86.217647 | AE29: =AD29/I29 -> 0.095797386
A30: 1 | B30: {=SUMPRODUCT(([1]逐时湿球温度!$B$3:$B$8762>=A30-0.5)*([1]逐时湿球温度!$B$3:$B$8762<A30+0.5))} -> 0 | C30: 7.1 | D30: =E30+6 -> 14.1 | E30: =A30+C30 -> 8.1 | F30: 10 | G30: 100 | H30: 0.9 | I30: =F30*G30*H30 -> 900 | J30: 40 | K30: =I30+J30 -> 940 | L30: 70 | M30: 25 | N30: 15 | O30: 0 | P30: 940 | Q30: 10 | R30: 15 | S30: 17 | T30: 15.6 | U30: =O30/T30 -> 0 | V30: 25 | W30: =K30/V30 -> 37.6 | X30: 17 | Y30: =L30/X30 -> 4.1176471 | Z30: 15 | AA30: =M30/Z30 -> 1.6666667 | AB30: 18 | AC30: =N30/AB30 -> 0.83333333 | AD30: =U30+Q30+R30+S30+W30+Y30+AA30+AC30 -> 86.217647 | AE30: =AD30/I30 -> 0.095797386
A31: 0 | B31: {=SUMPRODUCT(([1]逐时湿球温度!$B$3:$B$8762>=A31-0.5)*([1]逐时湿球温度!$B$3:$B$8762<A31+0.5))} -> 0 | C31: 7.1 | D31: =E31+6 -> 13.1 | E31: =A31+C31 -> 7.1 | F31: 10 | G31: 100 | H31: 0.9 | I31: =F31*G31*H31 -> 900 | J31: 40 | K31: =I31+J31 -> 940 | L31: 70 | M31: 25 | N31: 15 | O31: 0 | P31: 940 | Q31: 10 | R31: 15 | S31: 17 | T31: 15.8 | U31: =O31/T31 -> 0 | V31: 25 | W31: =K31/V31 -> 37.6 | X31: 17 | Y31: =L31/X31 -> 4.1176471 | Z31: 15 | AA31: =M31/Z31 -> 1.6666667 | AB31: 18 | AC31: =N31/AB31 -> 0.83333333 | AD31: =U31+Q31+R31+S31+W31+Y31+AA31+AC31 -> 86.217647 | AE31: =AD31/I31 -> 0.095797386
